<?xml version="1.0" encoding="UTF-8"?>
<!--
	 By default empty Spring context definition allows customer customizations. All customizations should go to this context.
	 When upgrading to a new CodeBeamer release, this file should be backed up, and restored, and then if necessary adjusted to be compatible with the new release.
-->

<beans xmlns="http://www.springframework.org/schema/beans"
       xmlns:xsi="http://www.w3.org/2001/XMLSchema-instance"
       xmlns:util="http://www.springframework.org/schema/util"
       xmlns:jee="http://www.springframework.org/schema/jee"
       xmlns:lang="http://www.springframework.org/schema/lang"
       xmlns:tx="http://www.springframework.org/schema/tx"
       xmlns:aop="http://www.springframework.org/schema/aop"
       xmlns:context="http://www.springframework.org/schema/context"
       xmlns:security="http://www.springframework.org/schema/security"
       xsi:schemaLocation="http://www.springframework.org/schema/lang http://www.springframework.org/schema/lang/spring-lang-3.2.xsd
						http://www.springframework.org/schema/jee http://www.springframework.org/schema/jee/spring-jee-3.2.xsd
						http://www.springframework.org/schema/aop http://www.springframework.org/schema/aop/spring-aop-3.2.xsd
						http://www.springframework.org/schema/beans http://www.springframework.org/schema/beans/spring-beans-3.2.xsd
						http://www.springframework.org/schema/util http://www.springframework.org/schema/util/spring-util-3.2.xsd
						http://www.springframework.org/schema/tx http://www.springframework.org/schema/tx/spring-tx-3.2.xsd
						http://www.springframework.org/schema/context http://www.springframework.org/schema/context/spring-context-3.2.xsd
						http://www.springframework.org/schema/security http://www.springframework.org/schema/security/spring-security-3.2.xsd"
       default-lazy-init="true">

    <bean id="mattermostNotifier" class="kr.cometkim.codebeamer.client.MattermostNotifier" lazy-init="false">
        <!--Required-->
        <property name="endpoint" value="http(s)://your-mattermost-server/hooks/xxxxxxxxxxxxxxxxxxxxxxxxxx"></property>

        <!--<property name="userName" value="codeBeamer"></property>-->
        <!--<property name="userIcon" value="http://your-server/icon.png"></property>-->
        <!--<property name="channel"  value=""></property>-->

        <!-- You can specify trackers -->
        <!--<property name="trackerIds" value="1,2,3,4"></property>-->

        <!--You can specify events-->
        <!--<property name="onIssueCreated" value="true"></property>-->
        <!--<property name="onIssueUpdated" value="true"></property>-->
        <!--<property name="onIssueCommented" value="true"></property>-->

        <!--You can specify message template-->
        <!--<property name="issueCreatedTemplate" value="IssueCreated.md"></property>-->
        <!--<property name="issueUpdatedTemplate" value="IssueUpdated.md"></property>-->
        <!--<property name="issueCommentedTemplate" value="IssueCommented.md"></property> -->
    </bean>
</beans>

